Date,Close,Volume
2019-06-21,56.26850128173828,50774000
2019-06-24,55.834999084472656,24236000
2019-06-25,54.37900161743164,31644000
2019-06-26,54.01599884033203,34698000
2019-06-27,53.83150100708008,24078000
2019-06-28,54.13999938964844,33672000
2019-07-01,55.0,29196000
2019-07-02,55.630001068115234,20630000
2019-07-03,56.14950180053711,20154000
2019-07-05,56.63349914550781,29794000
2019-07-08,55.839500427246094,29888000
2019-07-09,56.214500427246094,29472000
2019-07-10,57.045501708984375,30710000
2019-07-11,57.20399856567383,26004000
2019-07-12,57.266998291015625,21878000
2019-07-15,57.5255012512207,21164000
2019-07-16,57.67300033569336,25352000
2019-07-17,57.33700180053711,19538000
2019-07-18,57.36199951171875,25450000
2019-07-19,56.57749938964844,23184000
2019-07-22,56.96049880981445,28914000
2019-07-23,57.40250015258789,20648000
2019-07-24,56.98649978637695,27192000
2019-07-25,56.797000885009766,54762000
2019-07-26,62.26100158691406,121216000
2019-07-29,62.09199905395508,41382000
2019-07-30,61.400001525878906,28616000
2019-07-31,60.90999984741211,39960000
2019-08-01,60.5890007019043,35426000
2019-08-02,59.816001892089844,34910000
2019-08-05,57.73749923706055,47840000
2019-08-06,58.55400085449219,36014000
2019-08-07,58.795501708984375,30686000
2019-08-08,60.30950164794922,30116000
2019-08-09,59.44499969482422,20418000
2019-08-12,58.724998474121094,22064000
2019-08-13,59.83649826049805,28434000
2019-08-14,58.212501525878906,35430000
2019-08-15,58.465999603271484,28506000
2019-08-16,58.96049880981445,24916000
2019-08-19,60.02199935913086,24450000
2019-08-20,59.17649841308594,20206000
2019-08-21,59.57899856567383,14152000
2019-08-22,59.57600021362305,17352000
2019-08-23,57.67900085449219,36254000
2019-08-26,58.558998107910156,21166000
2019-08-27,58.54100036621094,23460000
2019-08-28,58.6875,16810000
2019-08-29,59.71200180053711,19636000
2019-08-30,59.5265007019043,18064000
2019-09-03,58.477500915527344,25908000
2019-09-04,59.11349868774414,21312000
2019-09-05,60.609500885009766,26394000
2019-09-06,60.316001892089844,18972000
2019-09-09,60.26350021362305,31854000
2019-09-10,60.28499984741211,27922000
2019-09-11,61.0,23522000
2019-09-12,61.74850082397461,31644000
2019-09-13,62.00149917602539,23676000
2019-09-16,61.58150100708008,28218000
2019-09-17,61.49399948120117,20806000
2019-09-18,61.63249969482422,17440000
2019-09-19,61.9375,16554000
2019-09-20,61.492000579833984,37692000
2019-09-23,61.734500885009766,20798000
2019-09-24,60.916500091552734,35804000
2019-09-25,62.297000885009766,26798000
2019-09-26,62.114498138427734,23166000
2019-09-27,61.29750061035156,34122000
2019-09-30,61.05699920654297,24470000
2019-10-01,60.29999923706055,24504000
2019-10-02,58.895999908447266,33030000
2019-10-03,59.471500396728516,28368000
2019-10-04,60.54800033569336,24282000
2019-10-07,60.412498474121094,17040000
2019-10-08,59.506500244140625,20086000
2019-10-09,60.119998931884766,15948000
2019-10-10,60.4734992980957,12842000
2019-10-11,60.785499572753906,22330000
2019-10-14,60.88850021362305,13296000
2019-10-15,62.11199951171875,27584000
2019-10-16,62.150001525878906,22986000
2019-10-17,62.63999938964844,20958000
2019-10-18,62.22050094604492,31624000
2019-10-21,62.2140007019043,18094000
2019-10-22,62.060001373291016,22862000
2019-10-23,62.881500244140625,21282000
2019-10-24,62.955501556396484,20224000
2019-10-25,63.21500015258789,27104000
2019-10-28,64.4489974975586,65428000
2019-10-29,63.03300094604492,52654000
2019-10-30,63.03499984741211,29204000
2019-10-31,62.939998626708984,31904000
2019-11-01,63.61249923706055,28812000
2019-11-04,64.48049926757812,30632000
2019-11-05,64.5719985961914,25148000
2019-11-06,64.55049896240234,24626000
2019-11-07,65.34700012207031,45140000
2019-11-08,65.44999694824219,30392000
2019-11-11,64.91400146484375,17234000
2019-11-12,64.8604965209961,28852000
2019-11-13,64.80899810791016,20538000
2019-11-14,65.4574966430664,28948000
2019-11-15,66.677001953125,39286000
2019-11-18,65.99199676513672,27984000
2019-11-19,65.62950134277344,21864000
2019-11-20,65.09300231933594,28892000
2019-11-21,65.00700378417969,25546000
2019-11-22,64.68350219726562,27776000
2019-11-25,65.28199768066406,23590000
2019-11-26,65.6500015258789,21910000
2019-11-27,65.60649871826172,18808000
2019-11-29,65.20449829101562,12802000
2019-12-02,64.44300079345703,26538000
2019-12-03,64.73699951171875,25270000
2019-12-04,65.9469985961914,35506000
2019-12-05,66.3479995727539,24408000
2019-12-06,66.96949768066406,32968000
2019-12-09,67.14949798583984,30842000
2019-12-10,67.14450073242188,17606000
2019-12-11,67.2125015258789,20480000
2019-12-12,67.42449951171875,29114000
2019-12-13,67.34349822998047,33170000
2019-12-16,68.03500366210938,28128000
2019-12-17,67.74449920654297,32948000
2019-12-18,67.59549713134766,23330000
2019-12-19,67.8219985961914,28922000
2019-12-20,67.56099700927734,50090000
2019-12-23,67.53150177001953,19936000
2019-12-24,67.22149658203125,13468000
2019-12-26,68.12349700927734,23662000
2019-12-27,67.73200225830078,23212000
2019-12-30,66.9854965209961,19994000
2019-12-31,66.96949768066406,19514000
2020-01-02,68.43399810791016,27278000
2020-01-03,68.07599639892578,23408000
2020-01-06,69.8905029296875,46768000
2020-01-07,69.75550079345703,34330000
2020-01-08,70.25199890136719,35314000
2020-01-09,70.989501953125,33200000
2020-01-10,71.447998046875,26258000
2020-01-13,72.00150299072266,30730000
2020-01-14,71.52950286865234,26076000
2020-01-15,71.95999908447266,21550000
2020-01-16,72.50800323486328,26080000
2020-01-17,73.97599792480469,52424000
2020-01-21,74.11250305175781,48930000
2020-01-22,74.19349670410156,28458000
2020-01-23,74.2344970703125,26650000
2020-01-24,73.30850219726562,29786000
2020-01-27,71.58650207519531,34132000
2020-01-28,72.5250015258789,29724000
2020-01-29,72.83499908447266,21566000
2020-01-30,72.7125015258789,27110000
2020-01-31,71.63899993896484,43822000
2020-02-03,74.12999725341797,71636000
2020-02-04,72.27050018310547,95880000
2020-02-05,72.30249786376953,36376000
2020-02-06,73.79850006103516,37822000
2020-02-07,73.95549774169922,28360000
2020-02-10,75.43299865722656,38302000
2020-02-11,75.50299835205078,34852000
2020-02-12,75.93150329589844,31042000
2020-02-13,75.66950225830078,22914000
2020-02-14,75.9365005493164,23198000
2020-02-18,75.97200012207031,25642000
2020-02-19,76.24349975585938,22746000
2020-02-20,75.84950256347656,25962000
2020-02-21,74.1729965209961,42520000
2020-02-24,70.99299621582031,49560000
2020-02-25,69.31600189208984,51580000
2020-02-26,69.52349853515625,49776000
2020-02-27,65.74749755859375,62290000
2020-02-28,66.9625015258789,80198000
2020-03-02,69.31600189208984,55430000
2020-03-03,66.88600158691406,56602000
2020-03-04,69.08000183105469,47598000
2020-03-05,65.73799896240234,54380000
2020-03-06,64.78700256347656,64640000
2020-03-09,60.78950119018555,69252000
2020-03-10,63.75849914550781,54872000
2020-03-11,60.54499816894531,54732000
2020-03-12,55.57749938964844,94326000
2020-03-13,60.7135009765625,79400000
2020-03-16,53.650001525878906,96520000
2020-03-17,55.90299987792969,83194000
2020-03-18,54.55950164794922,93044000
2020-03-19,55.583499908447266,74064000
2020-03-20,53.410499572753906,82878000
2020-03-23,52.70650100708008,83672000
2020-03-24,56.5004997253418,72468000
2020-03-25,55.08100128173828,90324000
2020-03-26,58.145999908447266,76562000
2020-03-27,55.51300048828125,62794000
2020-03-30,57.31549835205078,58736000
2020-03-31,58.09749984741211,65228000
2020-04-01,55.10499954223633,51970000
2020-04-02,55.85150146484375,56410000
2020-04-03,54.6349983215332,51374000
2020-04-06,59.15950012207031,63320000
2020-04-07,59.12799835205078,61620000
2020-04-08,60.349998474121094,40334000
2020-04-09,60.32849884033203,54028000
2020-04-13,60.52050018310547,38702000
2020-04-14,63.26150131225586,63358000
2020-04-15,62.8650016784668,42236000
2020-04-16,62.871498107910156,57896000
2020-04-17,63.95000076293945,51050000
2020-04-20,63.057498931884766,35292000
2020-04-21,60.608001708984375,49648000
2020-04-22,62.920501708984375,46296000
2020-04-23,63.55849838256836,34202000
2020-04-24,63.83000183105469,37402000
2020-04-27,63.542999267578125,44186000
2020-04-28,61.62950134277344,80700000
2020-04-29,67.10900115966797,108358000
2020-04-30,67.33499908447266,55842000
2020-05-01,65.86599731445312,48872000
2020-05-04,66.1449966430664,30806000
2020-05-05,67.45099639892578,39666000
2020-05-06,67.27149963378906,31732000
2020-05-07,68.46399688720703,30652000
2020-05-08,69.21700286865234,33326000
2020-05-11,70.17949676513672,32718000
2020-05-12,68.75900268554688,33918000
2020-05-13,67.41649627685547,40368000
2020-05-14,67.84300231933594,36660000
2020-05-15,68.65299987792969,41544000
2020-05-18,69.25900268554688,47094000
2020-05-19,68.72000122070312,31586000
2020-05-20,70.45800018310547,38262000
2020-05-21,70.3375015258789,30894000
2020-05-22,70.66200256347656,28544000
2020-05-26,71.06849670410156,44590000
2020-05-27,71.01399993896484,31684000
2020-05-28,70.91200256347656,35170000
2020-05-29,71.6760025024414,37044000
2020-06-01,71.74349975585938,25162000
2020-06-02,72.1155014038086,23442000
2020-06-03,71.9625015258789,27732000
2020-06-04,70.71499633789062,26982000
2020-06-05,72.0009994506836,42642000
2020-06-08,72.4020004272461,33878000
2020-06-09,72.60399627685547,33624000
2020-06-10,73.23500061035156,31762000
2020-06-11,70.09500122070312,47144000
2020-06-12,70.64600372314453,36676000
2020-06-15,71.03700256347656,30468000
2020-06-16,72.32350158691406,30648000
2020-06-17,72.62699890136719,30610000
2020-06-18,71.70600128173828,34862000
2020-06-19,71.23200225830078,52784000
2020-06-22,72.53299713134766,29442000
2020-06-23,73.1989974975586,37752000
2020-06-24,71.63500213623047,31592000
2020-06-25,72.05500030517578,23958000
2020-06-26,68.12699890136719,97640000
2020-06-29,69.8584976196289,45074000
2020-06-30,70.90249633789062,40286000
2020-07-01,72.0999984741211,42182000
2020-07-02,73.49649810791016,57218000
2020-07-06,74.98249816894531,44712000
2020-07-07,74.49600219726562,42364000
2020-07-08,75.18000030517578,31766000
2020-07-09,75.93299865722656,41836000
2020-07-10,76.95050048828125,35918000
2020-07-13,75.61150360107422,42954000
2020-07-14,76.04299926757812,38108000
2020-07-15,75.84400177001953,31026000
2020-07-16,75.74600219726562,26484000
2020-07-17,75.84249877929688,34264000
2020-07-20,78.19200134277344,30166000
2020-07-21,77.7959976196289,27486000
2020-07-22,78.24250030517578,24482000
2020-07-23,75.8375015258789,33910000
2020-07-24,75.4104995727539,29902000
2020-07-27,76.47149658203125,27124000
2020-07-28,75.18250274658203,30910000
2020-07-29,76.17549896240234,22676000
2020-07-30,76.91850280761719,36042000
2020-07-31,74.39749908447266,91468000
2020-08-03,74.13800048828125,45482000
2020-08-04,73.66500091552734,37212000
2020-08-05,73.95449829101562,29134000
2020-08-06,75.24749755859375,33306000
2020-08-07,74.91850280761719,27718000
2020-08-10,74.84100341796875,20546000
2020-08-11,74.0270004272461,31098000
2020-08-12,75.36199951171875,22512000
2020-08-13,75.8324966430664,22388000
2020-08-14,75.23149871826172,21942000
2020-08-17,75.81199645996094,19990000
2020-08-18,77.78900146484375,28378000
2020-08-19,77.23049926757812,30472000
2020-08-20,78.8125,26382000
2020-08-21,78.77850341796875,34838000
2020-08-24,79.25749969482422,25638000
2020-08-25,80.2925033569336,25150000
2020-08-26,82.20649719238281,52188000
2020-08-27,81.4260025024414,31350000
2020-08-28,81.97149658203125,22418000
2020-08-31,81.47650146484375,26422000
2020-09-01,82.75399780273438,22652000
2020-09-02,85.86949920654297,49522000
2020-09-03,81.47550201416016,63726000
2020-09-04,79.06050109863281,55850000
2020-09-08,76.18000030517578,54032000
2020-09-09,77.36150360107422,39242000
2020-09-10,76.30249786376953,33024000
2020-09-11,75.78800201416016,30706000
2020-09-14,75.44149780273438,42660000
2020-09-15,76.75599670410156,23042000
2020-09-16,75.60449981689453,22128000
2020-09-17,74.35199737548828,40008000
2020-09-18,72.55449676513672,63056000
2020-09-21,71.50700378417969,56908000
2020-09-22,72.99099731445312,33950000
2020-09-23,70.46949768066406,37726000
2020-09-24,71.14299774169922,34552000
2020-09-25,71.9530029296875,30326000
2020-09-28,72.93299865722656,30784000
2020-09-29,73.3010025024414,31816000
2020-09-30,73.27999877929688,40924000
2020-10-01,74.3949966430664,32884000
2020-10-02,72.77999877929688,31222000
2020-10-05,74.1415023803711,21602000
2020-10-06,72.5510025024414,26096000
2020-10-07,72.95700073242188,36108000
2020-10-08,74.17150115966797,26076000
2020-10-09,75.52249908447266,32966000
2020-10-12,78.22949981689453,55344000
2020-10-13,78.35350036621094,39072000
2020-10-14,78.1719970703125,33174000
2020-10-15,77.77349853515625,31210000
2020-10-16,78.38500213623047,34194000
2020-10-19,76.49749755859375,29734000
2020-10-20,77.55400085449219,41670000
2020-10-21,79.29949951171875,60322000
2020-10-22,80.33300018310547,30512000
2020-10-23,81.64900207519531,30548000
2020-10-26,79.2145004272461,35826000
2020-10-27,79.94400024414062,25902000
2020-10-28,75.54000091552734,45174000
2020-10-29,77.84400177001953,55406000
2020-10-30,80.80549621582031,99878000
2020-11-02,81.21600341796875,44228000
2020-11-03,82.28299713134766,31432000
2020-11-04,87.2925033569336,71342000
2020-11-05,88.125,39758000
2020-11-06,87.98650360107422,28622000
2020-11-09,88.07099914550781,53440000
2020-11-10,86.88600158691406,43022000
2020-11-11,87.36150360107422,31838000
2020-11-12,87.14099884033203,26474000
2020-11-13,88.61299896240234,29744000
2020-11-16,88.70149993896484,25468000
2020-11-17,88.08300018310547,21314000
2020-11-18,87.03199768066406,20108000
2020-11-19,87.92849731445312,20106000
2020-11-20,86.81900024414062,27694000
2020-11-23,86.37799835205078,22530000
2020-11-24,88.19499969482422,27984000
2020-11-25,88.20649719238281,19600000
2020-11-27,89.35099792480469,14790000
2020-11-30,87.72000122070312,32418000
2020-12-01,89.76799774169922,37350000
2020-12-02,91.24849700927734,29424000
2020-12-03,91.09200286865234,24728000
2020-12-04,91.18800354003906,20544000
2020-12-07,90.85150146484375,22288000
2020-12-08,90.56649780273438,19936000
2020-12-09,88.89299774169922,31728000
2020-12-10,88.38249969482422,28688000
2020-12-11,88.73999786376953,18628000
2020-12-14,87.61299896240234,33050000
2020-12-15,88.05400085449219,21352000
2020-12-16,87.8594970703125,24676000
2020-12-17,87.02549743652344,34880000
2020-12-18,86.31099700927734,85256000
2020-12-21,86.72799682617188,33974000
2020-12-22,86.01100158691406,20370000
2020-12-23,86.4114990234375,22974000
2020-12-24,86.70800018310547,9312000
2020-12-28,88.697998046875,27650000
2020-12-29,87.88800048828125,19726000
2020-12-30,86.8125,21026000
2020-12-31,87.63200378417969,21070000
2021-01-04,86.30650329589844,37324000
2021-01-05,87.00250244140625,20360000
2021-01-06,86.14399719238281,46588000
2021-01-07,88.71700286865234,41936000
2021-01-08,89.8915023803711,35484000
2021-01-11,87.81449890136719,34796000
2021-01-12,86.87149810791016,29528000
2021-01-13,87.36250305175781,23432000
2021-01-14,86.5459976196289,29212000
2021-01-15,86.38099670410156,31444000
2021-01-19,89.22350311279297,41660000
2021-01-20,94.00350189208984,64152000
2021-01-21,94.2074966430664,58634000
2021-01-22,94.62799835205078,32744000
2021-01-25,94.71399688720703,50586000
2021-01-26,95.39749908447266,31462000
2021-01-27,90.9469985961914,82512000
2021-01-28,92.66000366210938,55278000
2021-01-29,91.36799621582031,44530000
2021-02-01,94.65350341796875,40252000
2021-02-02,95.95600128173828,66332000
2021-02-03,102.94400024414062,97882000
2021-02-04,102.68150329589844,48596000
2021-02-05,104.44149780273438,29866000
2021-02-08,104.22599792480469,28828000
2021-02-09,103.76950073242188,21892000
2021-02-10,104.3239974975586,25102000
2021-02-11,104.4375,20480000
2021-02-12,104.75150299072266,18990000
2021-02-16,105.53500366210938,31004000
2021-02-17,105.93099975585938,20294000
2021-02-18,105.29049682617188,22546000
2021-02-19,104.44049835205078,37938000
2021-02-22,102.71299743652344,29466000
2021-02-23,103.00599670410156,34658000
2021-02-24,104.19049835205078,22608000
2021-02-25,100.79750061035156,41548000
2021-02-26,101.09549713134766,40042000
2021-03-01,103.48300170898438,26060000
2021-03-02,103.2239990234375,25564000
2021-03-03,100.57050323486328,33892000
2021-03-04,101.69650268554688,49216000
2021-03-05,104.85350036621094,53100000
2021-03-08,100.375,36868000
2021-03-09,102.01799774169922,33920000
2021-03-10,101.80950164794922,27100000
2021-03-11,105.0270004272461,27702000
2021-03-12,102.5,33818000
2021-03-15,102.72200012207031,26168000
2021-03-16,104.19450378417969,31900000
2021-03-17,104.11100006103516,26382000
2021-03-18,101.06700134277344,31700000
2021-03-19,101.3479995727539,46072000
2021-03-22,101.53450012207031,33536000
2021-03-23,102.06649780273438,28510000
2021-03-24,101.62650299072266,25218000
2021-03-25,101.62300109863281,35616000
2021-03-26,101.23650360107422,27978000
2021-03-29,102.28949737548828,26492000
2021-03-30,102.32350158691406,27312000
2021-03-31,103.1259994506836,42570000
2021-04-01,106.48899841308594,39880000
2021-04-05,110.947998046875,48510000
2021-04-06,110.46299743652344,35240000
2021-04-07,111.95149993896484,24134000
2021-04-08,112.52149963378906,28664000
2021-04-09,113.53350067138672,26146000
2021-04-12,112.23100280761719,25024000
2021-04-13,112.72149658203125,25682000
2021-04-14,112.09549713134766,21002000
2021-04-15,114.26249694824219,29174000
2021-04-16,114.13749694824219,26282000
2021-04-19,114.48799896240234,30290000
2021-04-20,113.95050048828125,22288000
2021-04-21,113.9175033569336,23204000
2021-04-22,112.6259994506836,24146000
2021-04-23,114.99649810791016,29066000
2021-04-26,115.49649810791016,32038000
2021-04-27,114.54900360107422,44386000
2021-04-28,117.9520034790039,81106000
2021-04-29,119.63800048828125,41234000
2021-04-30,117.67500305175781,44856000
2021-05-03,117.15399932861328,28242000
2021-05-04,115.34149932861328,44818000
2021-05-05,115.7385025024414,26636000
2021-05-06,116.86750030517578,25190000
2021-05-07,117.59649658203125,28898000
2021-05-10,114.5875015258789,30914000
2021-05-11,113.50299835205078,34186000
2021-05-12,110.01249694824219,46376000
2021-05-13,111.4520034790039,33204000
2021-05-14,113.91899871826172,31996000
2021-05-17,114.44599914550781,21598000
2021-05-18,113.12349700927734,22204000
2021-05-19,113.57499694824219,23684000
2021-05-20,115.34750366210938,32352000
2021-05-21,114.70649719238281,40632000
2021-05-24,118.052001953125,31832000
2021-05-25,118.14350128173828,22440000
2021-05-26,119.0155029296875,21572000
2021-05-27,118.13400268554688,35224000
2021-05-28,117.84249877929688,21482000
2021-06-01,119.05899810791016,23354000
2021-06-02,118.52950286865234,21158000
2021-06-03,117.37899780273438,18696000
2021-06-04,119.67849731445312,24458000
2021-06-07,120.11499786376953,24120000
2021-06-08,119.9219970703125,24240000
2021-06-09,120.39700317382812,17942000
2021-06-10,121.75650024414062,25904000
2021-06-11,121.51000213623047,21958000
2021-06-14,122.44550323486328,22098000
2021-06-15,121.41950225830078,21562000
2021-06-16,120.77249908447266,26472000
2021-06-17,121.74349975585938,25842000
2021-06-18,120.11100006103516,46116000
2021-06-21,121.8125,27414000
2021-06-22,122.33049774169922,22390000
2021-06-23,122.12699890136719,19148000
2021-06-24,122.5,21362000
2021-06-25,122.50849914550781,34594000
2021-06-28,122.53600311279297,28526000
2021-06-29,122.27249908447266,23108000
2021-06-30,122.0895004272461,24474000
2021-07-01,122.44450378417969,18110000
2021-07-02,125.25749969482422,25982000
2021-07-06,126.19000244140625,26404000
2021-07-07,126.4739990234375,24060000
2021-07-08,125.04399871826172,23790000
2021-07-09,125.51850128173828,18632000
2021-07-12,126.97550201416016,17668000
2021-07-13,127.34149932861328,19240000
2021-07-14,128.23699951171875,23742000
2021-07-15,127.00499725341797,24218000
2021-07-16,126.97000122070312,20424000
2021-07-19,124.5780029296875,27968000
2021-07-20,126.20950317382812,26312000
2021-07-21,127.54900360107422,20746000
2021-07-22,128.42149353027344,14302000
2021-07-23,133.01499938964844,41506000
2021-07-26,134.03500366210938,30572000
2021-07-27,131.89999389648438,54710000
2021-07-28,136.093994140625,95130000
2021-07-29,135.77749633789062,31716000
2021-07-30,134.72650146484375,25576000
2021-08-02,134.85450744628906,21634000
2021-08-03,135.6300048828125,20762000
2021-08-04,135.12550354003906,19676000
2021-08-05,136.25149536132812,17870000
2021-08-06,135.73849487304688,20488000
2021-08-09,136.91299438476562,17760000
2021-08-10,136.8070068359375,19414000
2021-08-11,136.2790069580078,15352000
2021-08-12,137.19400024414062,16506000
2021-08-13,137.7274932861328,15948000
2021-08-16,138.3094940185547,22384000
2021-08-17,136.6614990234375,21716000
2021-08-18,135.44900512695312,19258000
2021-08-19,135.67999267578125,21782000
2021-08-20,137.42950439453125,31194000
2021-08-23,140.04150390625,28454000
2021-08-24,141.26150512695312,19268000
2021-08-25,142.07899475097656,15848000
2021-08-26,141.4405059814453,20610000
2021-08-27,144.00399780273438,28780000
2021-08-30,144.5904998779297,24434000
2021-08-31,144.69749450683594,22448000
2021-09-01,145.2154998779297,21936000
2021-09-02,143.28700256347656,32342000
2021-09-03,143.739501953125,19850000
2021-09-07,144.28050231933594,20124000
2021-09-08,143.6909942626953,18344000
2021-09-09,143.54100036621094,15314000
2021-09-10,140.87600708007812,36840000
2021-09-13,142.33250427246094,22094000
2021-09-14,142.54449462890625,19674000
2021-09-15,144.42950439453125,27408000
2021-09-16,143.61000061035156,26190000
2021-09-17,140.8000030517578,53384000
2021-09-20,138.71949768066406,46518000
2021-09-21,139.0330047607422,25332000
2021-09-22,140.2834930419922,25056000
2021-09-23,141.21600341796875,20952000
2021-09-24,142.21499633789062,22984000
2021-09-27,141.07200622558594,21882000
2021-09-28,135.8300018310547,45772000
2021-09-29,134.35350036621094,30848000
2021-09-30,133.67599487304688,37996000
2021-10-01,136.54299926757812,35360000
2021-10-04,133.6595001220703,51202000
2021-10-05,136.0229949951172,32404000
2021-10-06,137.56500244140625,24364000
2021-10-07,139.22500610351562,25110000
2021-10-08,139.78550720214844,26526000
2021-10-11,138.91400146484375,17954000
2021-10-12,136.44900512695312,36332000
2021-10-13,137.58200073242188,19654000
2021-10-14,141.1510009765625,31894000
2021-10-15,141.3679962158203,30274000
2021-10-18,142.7779998779297,20396000
2021-10-19,143.23699951171875,20164000
2021-10-20,141.7689971923828,23288000
2021-10-21,141.88600158691406,26292000
2021-10-22,137.56649780273438,50588000
2021-10-25,137.44700622558594,34412000
2021-10-26,139.30850219726562,49236000
2021-10-27,146.21749877929688,85782000
2021-10-28,145.8489990234375,36206000
2021-10-29,148.04600524902344,43320000
2021-11-01,143.4969940185547,46924000
2021-11-02,145.4324951171875,33482000
2021-11-03,146.59800720214844,27494000
2021-11-04,148.2675018310547,38412000
2021-11-05,148.8520050048828,38354000
2021-11-08,149.031005859375,23052000
2021-11-09,148.9185028076172,19530000
2021-11-10,145.89349365234375,29970000
2021-11-11,145.76649475097656,16518000
2021-11-12,148.67799377441406,22360000
2021-11-15,148.45199584960938,23508000
2021-11-16,147.87600708007812,18904000
2021-11-17,148.0469970703125,19594000
2021-11-18,149.8385009765625,35608000
2021-11-19,148.92649841308594,33682000
2021-11-22,146.302001953125,30594000
2021-11-23,145.78199768066406,27218000
2021-11-24,146.1199951171875,18040000
2021-11-26,142.18299865722656,30470000
2021-11-29,145.53050231933594,32596000
2021-11-30,141.8975067138672,42068000
2021-12-01,141.05149841308594,34020000
2021-12-02,142.96600341796875,29194000
2021-12-03,142.00149536132812,41230000
2021-12-06,143.15499877929688,30618000
2021-12-07,147.26950073242188,32240000
2021-12-08,148.18649291992188,24270000
2021-12-09,147.6385040283203,23270000
2021-12-10,148.00149536132812,24458000
2021-12-13,145.82650756835938,27070000
2021-12-14,143.90699768066406,38446000
2021-12-15,146.4409942626953,36370000
2021-12-16,144.44500732421875,33650000
2021-12-17,141.72500610351562,50416000
2021-12-20,141.60699462890625,27192000
2021-12-21,143.47250366210938,28756000
2021-12-22,146.4149932861328,26322000
2021-12-23,146.91650390625,26384000
2021-12-27,147.906494140625,15976000
2021-12-28,146.68699645996094,18200000
2021-12-29,146.65499877929688,17788000
2021-12-30,146.20050048828125,15688000
2021-12-31,144.8520050048828,18136000
2022-01-03,144.9915008544922,28646000
2022-01-04,144.39950561523438,28400000
2022-01-05,137.77499389648438,54618000
2022-01-06,137.74749755859375,37348000
2022-01-07,137.01699829101562,29760000
2022-01-10,138.66949462890625,44408000
2022-01-11,139.73599243164062,28730000
2022-01-12,141.4304962158203,26108000
2022-01-13,138.58700561523438,31436000
2022-01-14,139.48049926757812,29662000
2022-01-18,135.9980010986328,34872000
2022-01-19,135.1165008544922,28648000
2022-01-20,133.3074951171875,29908000
2022-01-21,130.35150146484375,55652000
2022-01-24,130.8040008544922,76622000
2022-01-25,126.93499755859375,46960000
2022-01-26,129.23300170898438,49130000
2022-01-27,129.0050048828125,31950000
2022-01-28,133.3509979248047,34362000
2022-01-31,135.30349731445312,39986000
2022-02-01,137.6439971923828,68644000
2022-02-02,148.0,123200000
2022-02-03,143.08999633789062,71518000
2022-02-04,143.29299926757812,57998000
2022-02-07,139.2010040283203,54974000
2022-02-08,139.3990020751953,54284000
2022-02-09,141.5919952392578,40144000
2022-02-10,138.6199951171875,39330000
2022-02-11,134.28250122070312,39958000
2022-02-14,135.5260009765625,34302000
2022-02-15,136.60850524902344,26680000
2022-02-16,137.73800659179688,25022000
2022-02-17,132.53900146484375,38950000
2022-02-18,130.4029998779297,45620000
2022-02-22,129.81350708007812,44990000
2022-02-23,127.58799743652344,32786000
2022-02-24,132.6909942626953,54456000
2022-02-25,134.45950317382812,36406000
2022-02-28,135.0570068359375,38864000
2022-03-01,134.06149291992188,26496000
2022-03-02,134.57150268554688,23520000
2022-03-03,133.89950561523438,24604000
2022-03-04,131.906494140625,30430000
2022-03-07,126.37850189208984,45112000
2022-03-08,127.10449981689453,40428000
2022-03-09,133.4199981689453,37026000
2022-03-10,132.42950439453125,27102000
2022-03-11,129.87049865722656,31526000
2022-03-14,125.95099639892578,38812000
2022-03-15,129.197998046875,30920000
2022-03-16,133.28050231933594,35576000
2022-03-17,133.83900451660156,28264000
2022-03-18,136.12550354003906,44566000
2022-03-21,136.10150146484375,26832000
2022-03-22,139.8679962158203,35496000
2022-03-23,138.27549743652344,25154000
2022-03-24,141.57200622558594,26396000
2022-03-25,141.67300415039062,24126000
2022-03-28,141.45550537109375,35050000
2022-03-29,142.5054931640625,34318000
2022-03-30,141.93850708007812,19884000
2022-03-31,139.0675048828125,37524000
2022-04-01,140.15049743652344,25942000
2022-04-04,142.97149658203125,25942000
2022-04-05,140.59100341796875,21418000
2022-04-06,136.54800415039062,32468000
2022-04-07,135.8885040283203,26234000
2022-04-08,133.28750610351562,25142000
2022-04-11,128.82350158691406,36884000
2022-04-12,127.7145004272461,32710000
2022-04-13,129.8939971923828,27928000
2022-04-14,126.7300033569336,31598000
2022-04-18,127.67649841308594,20808000
2022-04-19,130.00900268554688,26490000
2022-04-20,128.0399932861328,31696000
2022-04-21,124.81449890136719,36446000
2022-04-22,119.635498046875,56884000
2022-04-25,123.0739974975586,46128000
2022-04-26,118.6500015258789,73054000
2022-04-27,114.29450225830078,91820000
2022-04-28,118.52249908447266,48884000
2022-04-29,114.1094970703125,42676000
2022-05-02,116.58300018310547,35534000
2022-05-03,117.33399963378906,24968000
2022-05-04,122.26100158691406,49916000
2022-05-05,116.50550079345703,45840000
2022-05-06,115.74649810791016,39710000
2022-05-09,112.51100158691406,40802000
2022-05-10,114.3949966430664,39900000
2022-05-11,113.60250091552734,37534000
2022-05-12,112.84400177001953,53836000
2022-05-13,116.05049896240234,35038000
2022-05-16,114.44499969482422,25990000
2022-05-17,116.4729995727539,23054000
2022-05-18,111.89949798583984,35126000
2022-05-19,110.38400268554688,34144000
2022-05-20,108.90799713134766,48962000
2022-05-23,111.48799896240234,37184000
2022-05-24,105.97000122070312,76780000
2022-05-25,105.80500030517578,40258000
2022-05-26,107.7925033569336,37948000
2022-05-27,112.31649780273438,37914000
2022-05-31,113.76200103759766,50012000
2022-06-01,113.89199829101562,36606000
2022-06-02,117.62249755859375,37992000
2022-06-03,114.54100036621094,26136000
2022-06-06,116.82050323486328,33542000
2022-06-07,117.14949798583984,31590000
2022-06-08,117.19400024414062,26108000
2022-06-09,114.83550262451172,25798000
2022-06-10,111.1614990234375,41452000
2022-06-13,106.39250183105469,47252000
2022-06-14,106.71549987792969,33706000
2022-06-15,109.7645034790039,39698000
2022-06-16,106.03350067138672,51684000
2022-06-17,107.14350128173828,51376000
2022-06-21,111.54399871826172,47416000
2022-06-22,111.48750305175781,30774000
2022-06-23,112.24199676513672,28362000
2022-06-24,117.9749984741211,41164000
2022-06-27,115.83350372314453,36420000
2022-06-28,112.00749969482422,35792000
2022-06-29,111.70149993896484,24716000
2022-06-30,108.96299743652344,43170000
2022-07-01,108.73750305175781,35476000
2022-07-05,113.26300048828125,39342000
2022-07-06,114.5719985961914,37432000
2022-07-07,118.78299713134766,40936000
2022-07-08,119.35350036621094,38238000
2022-07-11,115.67649841308594,31196000
2022-07-12,114.02050018310547,29960000
2022-07-13,111.35350036621094,43722000
2022-07-14,110.36750030517578,37004000
2022-07-15,111.77749633789062,46770000
2022-07-18,109.02999877929688,43164600
2022-07-19,113.80999755859375,36530900
2022-07-20,113.9000015258789,35600400
2022-07-21,114.33999633789062,32676200
2022-07-22,107.9000015258789,48901200
2022-07-25,107.51000213623047,34690900
2022-07-26,105.0199966430664,47991000
2022-07-27,113.05999755859375,59858500
2022-07-28,114.22000122070312,32816600
2022-07-29,116.31999969482422,37223400
2022-08-01,114.86000061035156,26034300
2022-08-02,115.12999725341797,20236000
2022-08-03,118.08000183105469,28499000
2022-08-04,118.19000244140625,21602900
2022-08-05,117.47000122070312,19159500
2022-08-08,117.30000305175781,19138300
2022-08-09,116.62999725341797,19086500
2022-08-10,119.69999694824219,30930400
2022-08-11,118.83999633789062,24293700
2022-08-12,121.68000030517578,19096300
2022-08-15,122.08000183105469,19494800
2022-08-16,121.69999694824219,19041200
2022-08-17,119.55000305175781,22847000
2022-08-18,120.16999816894531,17987700
2022-08-19,117.20999908447266,21809500
2022-08-22,114.23999786376953,21456600
2022-08-23,113.86000061035156,15870400
2022-08-24,113.69000244140625,17734600
2022-08-25,116.6500015258789,16956800
2022-08-26,110.33999633789062,37245700
2022-08-29,109.41999816894531,21191200
2022-08-30,108.94000244140625,27513300
2022-08-31,108.22000122070312,28627000
2022-09-01,109.73999786376953,28360900
2022-09-02,107.8499984741211,24160700
2022-09-06,106.80999755859375,25068300
2022-09-07,109.44999694824219,23167000
2022-09-08,108.37999725341797,24238300
2022-09-09,110.6500015258789,23197700
2022-09-12,110.86000061035156,22966800
2022-09-13,104.31999969482422,38172900
2022-09-14,105.0,26395100
2022-09-15,102.91000366210938,34188300
2022-09-16,102.80000305175781,42797200
2022-09-19,103.06999969482422,23036800
2022-09-20,101.13999938964844,26517100
2022-09-21,99.27999877929688,31487300
2022-09-22,100.13999938964844,34298600
2022-09-23,98.73999786376953,31625400
2022-09-26,98.16999816894531,27072700
2022-09-27,97.5,30072800
2022-09-28,100.05000305175781,32466300
2022-09-29,97.41999816894531,31047200
2022-09-30,95.6500015258789,32941500
2022-10-03,98.63999938964844,27982000
2022-10-04,101.63999938964844,28850800
2022-10-05,101.43000030517578,22176900
2022-10-06,101.41999816894531,22324000
2022-10-07,98.68000030517578,27502800
2022-10-10,97.86000061035156,18225100
2022-10-11,97.18000030517578,26507100
2022-10-12,97.55999755859375,21876400
2022-10-13,99.05999755859375,34574500
2022-10-14,96.55999755859375,25410700
2022-10-17,99.97000122070312,28419200
2022-10-18,100.7699966430664,24060700
2022-10-19,99.62999725341797,23811100
2022-10-20,99.97000122070312,25323200
2022-10-21,101.12999725341797,32458700
2022-10-24,102.5199966430664,27176400
2022-10-25,104.4800033569336,40611400
2022-10-26,94.93000030517578,88114100
2022-10-27,92.22000122070312,60710900
2022-10-28,96.29000091552734,43697300
2022-10-31,94.51000213623047,31675000
2022-11-01,90.47000122070312,47161400
2022-11-02,86.97000122070312,57038300
2022-11-03,83.43000030517578,61288000
2022-11-04,86.58000183105469,51124900
2022-11-07,88.48999786376953,34078900
2022-11-08,88.9000015258789,30429000
2022-11-09,87.31999969482422,31769100
2022-11-10,93.94000244140625,51620100
2022-11-11,96.41000366210938,33090500
2022-11-14,95.69999694824219,30179500
2022-11-15,98.44000244140625,41640800
2022-11-16,98.8499984741211,29105200
2022-11-17,98.36000061035156,26052600
2022-11-18,97.43000030517578,28342300
2022-11-21,95.5999984741211,21647400
2022-11-22,97.05000305175781,23438500
2022-11-23,98.45999908447266,18868100
2022-11-25,97.45999908447266,9701400
2022-11-28,96.05000305175781,26237500
2022-11-29,95.19000244140625,20061700
2022-11-30,100.98999786376953,43647500
2022-12-01,100.98999786376953,28687100
2022-12-02,100.44000244140625,21480700
2022-12-05,99.4800033569336,24405100
2022-12-06,96.9800033569336,24910700
2022-12-07,94.94000244140625,31045400
2022-12-08,93.70999908447266,32213300
2022-12-09,92.83000183105469,28225400
2022-12-12,93.30999755859375,29420000
2022-12-13,95.62999725341797,40593700
2022-12-14,95.06999969482422,28733600
2022-12-15,90.86000061035156,40107000
2022-12-16,90.26000213623047,58011800
2022-12-19,88.44000244140625,29493000
2022-12-20,89.0199966430664,23453800
2022-12-21,89.58000183105469,24745600
2022-12-22,87.76000213623047,27658300
2022-12-23,89.2300033569336,23003000
2022-12-27,87.38999938964844,20097300
2022-12-28,86.0199966430664,19523200
2022-12-29,88.44999694824219,23333500
2022-12-30,88.2300033569336,23986300
2023-01-03,89.12000274658203,28131200
2023-01-04,88.08000183105469,34854800
2023-01-05,86.19999694824219,27194400
2023-01-06,87.33999633789062,41381500
2023-01-09,88.0199966430664,29003900
2023-01-10,88.41999816894531,30467800
2023-01-11,91.5199966430664,26862000
2023-01-12,91.12999725341797,30258100
2023-01-13,92.12000274658203,26329200
2023-01-17,91.29000091552734,32602400
2023-01-18,91.12000274658203,29116700
2023-01-19,93.05000305175781,37000400
2023-01-20,98.0199966430664,63191100
2023-01-23,99.79000091552734,40005100
2023-01-24,97.69999694824219,33078500
2023-01-25,95.22000122070312,42330000
2023-01-26,97.5199966430664,30114000
2023-01-27,99.37000274658203,33879800
2023-01-30,96.94000244140625,27226200
2023-01-31,98.83999633789062,29870700
2023-02-01,100.43000030517578,35531100
2023-02-02,107.73999786376953,69883800
2023-02-03,104.77999877929688,65309300
2023-02-06,102.9000015258789,31999600
2023-02-07,107.63999938964844,49010200
2023-02-08,99.37000274658203,94743500
2023-02-09,95.01000213623047,119455000
2023-02-10,94.56999969482422,54980700
2023-02-13,94.61000061035156,50076100
2023-02-14,94.68000030517578,54726100
2023-02-15,96.94000244140625,50169000
2023-02-16,95.51000213623047,42462600
2023-02-17,94.3499984741211,34284100
2023-02-21,91.79000091552734,33629300
2023-02-22,91.6500015258789,30884000
2023-02-23,90.88999938964844,41206400
2023-02-24,89.12999725341797,36585100
2023-02-27,89.87000274658203,27502300
2023-02-28,90.05999755859375,30142000
2023-03-01,90.36000061035156,31111200
2023-03-02,92.0,32204400
2023-03-03,93.6500015258789,35160100
2023-03-06,95.12999725341797,32639300
2023-03-07,93.86000061035156,27835500
2023-03-08,94.25,34103300
2023-03-09,92.31999969482422,28813500
2023-03-10,90.62999725341797,35941000
2023-03-13,91.11000061035156,37335600
2023-03-14,93.97000122070312,36050200
2023-03-15,96.11000061035156,50622100
2023-03-16,100.31999969482422,65492000
2023-03-17,101.62000274658203,61028500
2023-03-20,101.22000122070312,32960400
2023-03-21,104.91999816894531,42110300
2023-03-22,103.37000274658203,43427400
2023-03-23,105.5999984741211,40797800
2023-03-24,105.44000244140625,30393300
2023-03-27,102.45999908447266,31120900
2023-03-28,101.02999877929688,32057900
2023-03-29,101.38999938964844,28779600
2023-03-30,100.88999938964844,33086200
2023-03-31,103.7300033569336,36863400
2023-04-03,104.36000061035156,25035400
2023-04-04,104.72000122070312,24420100
2023-04-05,104.47000122070312,28290500
2023-04-06,108.41999816894531,48711500
2023-04-10,106.44000244140625,27067400
2023-04-11,105.3499984741211,26311800
2023-04-12,104.63999938964844,24370300
2023-04-13,107.43000030517578,24843600
2023-04-14,108.87000274658203,26578000
2023-04-17,105.97000122070312,37571200
2023-04-18,104.5,26596400
2023-04-19,104.18000030517578,20905700
2023-04-20,105.29000091552734,27820800
2023-04-21,105.41000366210938,25800100
2023-04-24,105.97000122070312,23542800
2023-04-25,103.8499984741211,46664100
2023-04-26,103.70999908447266,53347600
2023-04-27,107.58999633789062,50089200
2023-04-28,107.33999633789062,36139800
2023-05-01,107.19999694824219,26681700
2023-05-02,105.31999969482422,30997200
2023-05-03,105.41000366210938,21795400
2023-05-04,104.69000244140625,23419500
2023-05-05,105.56999969482422,26625100
2023-05-08,107.7699966430664,26511400
2023-05-09,107.3499984741211,36360100
2023-05-10,111.75,63153400
2023-05-11,116.56999969482422,78900000
2023-05-12,117.51000213623047,41073800
2023-05-15,116.51000213623047,36266800
2023-05-16,119.51000213623047,45035600
2023-05-17,120.83999633789062,33323600
2023-05-18,122.83000183105469,35234200
2023-05-19,122.76000213623047,41330300
2023-05-22,125.05000305175781,35253000
2023-05-23,122.55999755859375,34046300
2023-05-24,120.9000015258789,34182600
2023-05-25,123.4800033569336,42317000
2023-05-26,124.61000061035156,35635900
2023-05-30,123.66999816894531,35076700
2023-05-31,122.87000274658203,37325800
2023-06-01,123.72000122070312,30772700
2023-06-02,124.66999816894531,26963100
2023-06-05,126.01000213623047,32305500
2023-06-06,127.30999755859375,26638300
2023-06-07,122.5,52539000
2023-06-08,122.13999938964844,29389200
2023-06-09,122.2300033569336,23762500
2023-06-12,123.63999938964844,28306400
2023-06-13,123.83000183105469,22278300
2023-06-14,123.66999816894531,30592300
2023-06-15,125.08999633789062,35246300
2023-06-16,123.52999877929688,45514000
2023-06-20,123.0999984741211,26097500
2023-06-21,120.55000305175781,30306300
2023-06-22,123.1500015258789,26952200
2023-06-23,122.33999633789062,34885300
2023-06-26,118.33999633789062,33969900
2023-06-27,118.33000183105469,39535900
2023-06-28,120.18000030517578,27091400
2023-06-29,119.0999984741211,24090900
2023-06-30,119.69999694824219,29519700
2023-07-03,119.9000015258789,14467900
2023-07-05,121.75,27584800
2023-07-06,120.11000061035156,24745200
2023-07-07,119.4800033569336,21692600
2023-07-10,116.44999694824219,35315200
2023-07-11,117.13999938964844,23078800
2023-07-12,118.93000030517578,30404400
2023-07-13,124.54000091552734,44297900
2023-07-14,125.41999816894531,33266800
2023-07-17,124.6500015258789,25716200
2023-07-18,123.76000213623047,26226400
2023-07-19,122.02999877929688,37224000
2023-07-20,119.19999694824219,37906800
2023-07-21,120.0199966430664,72937900
2023-07-24,121.52999877929688,29686100
2023-07-25,122.20999908447266,52509600
2023-07-26,129.27000427246094,61682100
2023-07-27,129.39999389648438,44952100
2023-07-28,132.5800018310547,36591200
2023-07-31,132.72000122070312,28055500
2023-08-01,131.5500030517578,23166800
2023-08-02,128.3800048828125,26273300
2023-08-03,128.4499969482422,20089500
2023-08-04,128.11000061035156,26130000
2023-08-07,131.52999877929688,22746300
2023-08-08,131.39999389648438,23535200
2023-08-09,129.66000366210938,24912900
2023-08-10,129.69000244140625,20857800
2023-08-11,129.55999755859375,19569200
2023-08-14,131.3300018310547,24695600
2023-08-15,129.77999877929688,19770700
2023-08-16,128.6999969482422,25216100
2023-08-17,129.9199981689453,33446300
2023-08-18,127.45999908447266,30491300
2023-08-21,128.3699951171875,25248700
2023-08-22,129.0800018310547,22067500
2023-08-23,132.3699951171875,27819700
2023-08-24,129.77999877929688,28500700
2023-08-25,129.8800048828125,26762900
2023-08-28,131.00999450683594,20543300
2023-08-29,134.57000732421875,43075600
2023-08-30,135.8800048828125,28315800
2023-08-31,136.1699981689453,30053800
2023-09-01,135.66000366210938,21524600
2023-09-05,135.77000427246094,19403100
2023-09-06,134.4600067138672,18684500
2023-09-07,135.25999450683594,18844300
2023-09-08,136.3800048828125,23558300
2023-09-11,136.9199981689453,20763400
2023-09-12,135.33999633789062,18405500
2023-09-13,136.7100067138672,20749500
2023-09-14,138.10000610351562,24751000
2023-09-15,137.39999389648438,38908400
2023-09-18,138.2100067138672,21861300
2023-09-19,138.0399932861328,20353700
2023-09-20,133.74000549316406,29927500
2023-09-21,130.44000244140625,31488700
2023-09-22,130.25,26397300
2023-09-25,131.11000061035156,20094600
2023-09-26,128.57000732421875,25718700
2023-09-27,130.5399932861328,22746500
2023-09-28,132.30999755859375,22513100
2023-09-29,130.86000061035156,30848100
2023-10-02,134.1699981689453,22288000
2023-10-03,132.42999267578125,22989400
2023-10-04,135.24000549316406,26752300
2023-10-05,135.07000732421875,19832600
2023-10-06,137.5800018310547,27583200
2023-10-09,138.4199981689453,19278100
2023-10-10,138.05999755859375,27786600
2023-10-11,140.5500030517578,25884300
2023-10-12,138.97000122070312,24765500
2023-10-13,137.36000061035156,23420500
2023-10-16,139.10000610351562,28501900
2023-10-17,139.72000122070312,23515800
2023-10-18,137.9600067138672,23375000
2023-10-19,137.75,26066000
2023-10-20,135.60000610351562,26315200
2023-10-23,136.5,26317900
2023-10-24,138.80999755859375,44814300
2023-10-25,125.61000061035156,84366200
2023-10-26,122.27999877929688,57061100
2023-10-27,122.16999816894531,44566500
2023-10-30,124.45999908447266,28940100
2023-10-31,124.08000183105469,26292300
2023-11-01,126.44999694824219,30082400
2023-11-02,127.48999786376953,27124600
2023-11-03,129.10000610351562,26380100
2023-11-06,130.25,19052700
2023-11-07,130.97000122070312,29757300
2023-11-08,131.83999633789062,26425800
2023-11-09,130.24000549316406,23747800
2023-11-10,132.58999633789062,26913300
2023-11-13,132.08999633789062,18324800
2023-11-14,133.6199951171875,32395200
2023-11-15,134.6199951171875,23861500
2023-11-16,136.92999267578125,28013200
2023-11-17,135.30999755859375,37240600
2023-11-20,136.25,27815500
2023-11-21,136.97000122070312,22635300
2023-11-22,138.49000549316406,17813900
2023-11-24,136.69000244140625,12514300
2023-11-27,136.41000366210938,23436500
2023-11-28,137.1999969482422,18730000
2023-11-29,134.99000549316406,23967200
2023-11-30,132.52999877929688,38988300
2023-12-01,131.86000061035156,31431200
2023-12-04,129.27000427246094,36669900
2023-12-05,130.99000549316406,27384800
2023-12-06,130.02000427246094,23576200
2023-12-07,136.92999267578125,56767100
2023-12-08,134.99000549316406,32233900
2023-12-11,133.2899932861328,31138000
2023-12-12,132.52000427246094,29032800
2023-12-13,132.57000732421875,30104800
2023-12-14,131.94000244140625,38722400
2023-12-15,132.60000610351562,50815200
2023-12-18,135.8000030517578,32258000
2023-12-19,136.64999389648438,25476800
2023-12-20,138.33999633789062,49107200
2023-12-21,140.4199981689453,27488300
2023-12-22,141.49000549316406,26514600
2023-12-26,141.52000427246094,16780300
2023-12-27,140.3699951171875,19628600
2023-12-28,140.22999572753906,16045700
2023-12-29,139.69000244140625,18727200
2024-01-02,138.1699981689453,23711200
2024-01-03,138.9199981689453,24212100
2024-01-04,136.38999938964844,27137700
2024-01-05,135.72999572753906,22506000
2024-01-08,138.83999633789062,21404000
2024-01-09,140.9499969482422,24759600
2024-01-10,142.27999877929688,21320200
2024-01-11,142.0800018310547,24008700
2024-01-12,142.64999389648438,18768600
2024-01-16,142.49000549316406,22670500
2024-01-17,141.47000122070312,20968600
2024-01-18,143.47999572753906,25746400
2024-01-19,146.3800048828125,33300700
2024-01-22,145.99000549316406,32200400
2024-01-23,147.0399932861328,21636100
2024-01-24,148.6999969482422,25233500
2024-01-25,151.8699951171875,29149100
2024-01-26,152.19000244140625,26115500
2024-01-29,153.50999450683594,27784300
2024-01-30,151.4600067138672,36331800
2024-01-31,140.10000610351562,71910000
2024-02-01,141.16000366210938,40466500
2024-02-02,142.3800048828125,62470600
2024-02-05,143.67999267578125,38505400
2024-02-06,144.10000610351562,29128200
2024-02-07,145.5399932861328,25208900
2024-02-08,145.91000366210938,22563800
2024-02-09,149.0,26829500
2024-02-12,147.52999877929688,21564100
2024-02-13,145.13999938964844,27837700
2024-02-14,145.94000244140625,22704200
2024-02-15,142.77000427246094,37590700
2024-02-16,140.52000427246094,31451100
2024-02-20,141.1199951171875,25144700
2024-02-21,142.5500030517578,23315700
2024-02-22,144.08999633789062,27191900
2024-02-23,143.9600067138672,19493800
2024-02-26,137.57000732421875,53641800
2024-02-27,138.8800048828125,33099200
2024-02-28,136.3800048828125,37328600
2024-02-29,138.4600067138672,42133000
2024-03-01,137.13999938964844,31119500
2024-03-04,133.35000610351562,55999400
2024-03-05,132.6699981689453,40194800
2024-03-06,131.39999389648438,35318600
2024-03-07,134.3800048828125,37738200
2024-03-08,135.41000366210938,39343100
2024-03-11,137.6699981689453,32437800
2024-03-12,138.5,27563400
2024-03-13,139.7899932861328,23347200
2024-03-14,143.10000610351562,42753400
2024-03-15,141.17999267578125,49460600
2024-03-18,147.67999267578125,69273700
2024-03-19,147.02999877929688,24070400
2024-03-20,148.74000549316406,21311500
2024-03-21,147.60000610351562,24755600
2024-03-22,150.77000427246094,29175700
2024-03-25,150.07000732421875,19229300
2024-03-26,150.6699981689453,22149100
2024-03-27,150.8699951171875,22879200
2024-03-28,150.92999267578125,24485400
2024-04-01,155.49000549316406,31730800
2024-04-02,154.55999755859375,24586000
2024-04-03,154.9199981689453,24705000
2024-04-04,150.52999877929688,34724700
2024-04-05,152.5,23449300
2024-04-08,154.85000610351562,20702000
2024-04-09,156.60000610351562,31113000
2024-04-10,156.13999938964844,22838600
2024-04-11,159.41000366210938,27166400
2024-04-12,157.72999572753906,25329200
2024-04-15,154.86000061035156,27136500
2024-04-16,154.39999389648438,20779500
2024-04-17,155.47000122070312,21763100
2024-04-18,156.00999450683594,19883000
2024-04-19,154.08999633789062,32239100
2024-04-22,156.27999877929688,26446200
2024-04-23,158.25999450683594,21151600
2024-04-24,159.1300048828125,22779100
2024-04-25,156.0,57109700
2024-04-26,171.9499969482422,64665300
2024-04-29,166.14999389648438,45610000
2024-04-30,162.77999877929688,33562900
2024-05-01,163.86000061035156,33493200
2024-05-02,166.6199951171875,24294500
2024-05-03,167.24000549316406,34662400
2024-05-06,168.10000610351562,21871300
2024-05-07,171.25,28039700
2024-05-08,169.3800048828125,19569100
2024-05-09,169.9600067138672,15346700
2024-05-10,168.64999389648438,29799900
2024-05-13,169.13999938964844,31327600
2024-05-14,170.33999633789062,25127100
2024-05-15,172.50999450683594,26948400
2024-05-16,174.17999267578125,27867900
2024-05-17,176.05999755859375,24479300
2024-05-20,176.9199981689453,22554400
2024-05-21,177.85000610351562,16989400
2024-05-22,176.3800048828125,17880000
2024-05-23,173.5500030517578,21024900
2024-05-24,174.99000549316406,16572500
2024-05-28,176.39999389648438,20572200
2024-05-29,175.89999389648438,23388700
2024-05-30,172.11000061035156,22958700
2024-05-31,172.5,37638900
2024-06-03,173.1699981689453,27459100
2024-06-04,173.7899932861328,26879600
2024-06-05,175.41000366210938,22068500
2024-06-06,176.72999572753906,23251000
2024-06-07,174.4600067138672,19661400
2024-06-10,175.00999450683594,23779200
2024-06-11,176.6199951171875,21540600
2024-06-12,177.7899932861328,27864700
2024-06-13,175.16000366210938,20913300
2024-06-14,176.7899932861328,18063600
2024-06-17,177.24000549316406,19618500
